﻿<?xml version="1.0" encoding="utf-8"?>
<Defs>
  <!--	
	<ResearchProjectDef>
		<defName>AR_Project_Barbarian_Culture</defName>
		<label>Barbarian culture</label>
		<description>Discover the Barbarian way of life, like furniture and clothing.</description>
		<baseCost>4000</baseCost>
		<techLevel>Neolithic</techLevel>
		<tags>
			<li>GaulStart</li>
		</tags>
		<tab>AR_ResearchTab</tab>	
		<researchViewX>0</researchViewX>
		<researchViewY>4</researchViewY>
	</ResearchProjectDef>-->
  <ResearchProjectDef>
    <defName>AR_Project_Water_Cooling</defName>
    <label>water cooling</label>
    <description>Use the waters ability to cool down while evaporating.</description>
    <baseCost>400</baseCost>
    <prerequisites>
      <li>PassiveCooler</li>
    </prerequisites>
    <techLevel>Medieval</techLevel>
    <tags>
      <li>RomanStart</li>
    </tags>
    <tab>AR_ResearchTab</tab>
    <researchViewX>0</researchViewX>
    <researchViewY>1</researchViewY>
  </ResearchProjectDef>
  <ResearchProjectDef>
    <defName>AR_Project_Metal_I</defName>
    <label>Bronze creation</label>
    <description>Unlocks the knowledge to make alloys of high quality.</description>
    <baseCost>500</baseCost>
    <prerequisites>
      <li>Smithing</li>
    </prerequisites>
    <techLevel>Medieval</techLevel>
    <tab>AR_ResearchTab</tab>
    <researchViewX>4</researchViewX>
    <researchViewY>0</researchViewY>
  </ResearchProjectDef>
  <ResearchProjectDef>
    <defName>AR_Project_Metal_II</defName>
    <label>Steel creation</label>
    <description>Unlocks the knowledge to make alloys of higher quality.</description>
    <baseCost>1000</baseCost>
    <prerequisites>
      <li>AR_Project_Metal_I</li>
    </prerequisites>
    <techLevel>Medieval</techLevel>
    <tags>
    </tags>
    <tab>AR_ResearchTab</tab>
    <researchViewX>5</researchViewX>
    <researchViewY>0</researchViewY>
  </ResearchProjectDef>
  <ResearchProjectDef>
    <defName>AR_Project_Metal_III</defName>
    <label>Plasteel creation</label>
    <description>Unlocks the knowledge to make alloys of highest quality.</description>
    <baseCost>4000</baseCost>
    <prerequisites>
      <li>AR_Project_Metal_II</li>
      <li>AdvancedFabrication</li>
    </prerequisites>
    <techLevel>Industrial</techLevel>
    <tab>AR_ResearchTab</tab>
    <researchViewX>6</researchViewX>
    <researchViewY>0</researchViewY>
  </ResearchProjectDef>
  <ResearchProjectDef>
    <defName>AR_Project_Polearms</defName>
    <label>polearms</label>
    <description>Craft lances, pikes or hellebards.</description>
    <baseCost>600</baseCost>
    <techLevel>Medieval</techLevel>
    <tab>AR_ResearchTab</tab>
    <prerequisites>
      <li>LongBlades</li>
    </prerequisites>
    <researchViewX>5</researchViewX>
    <researchViewY>1</researchViewY>
  </ResearchProjectDef>
  <ResearchProjectDef>
    <defName>AR_Project_Chainmail</defName>
    <label>chainmail/scale armor</label>
    <description>The idea of making metals waerable like clothes to gain better protection in battle. Unlocks also most helmets</description>
    <baseCost>500</baseCost>
    <prerequisites>
      <li>Smithing</li>
    </prerequisites>
    <techLevel>Medieval</techLevel>
    <tab>AR_ResearchTab</tab>
    <researchViewX>4</researchViewX>
    <researchViewY>2</researchViewY>
  </ResearchProjectDef>
  <ResearchProjectDef>
    <defName>AR_Project_Segmental_Armour</defName>
    <label>segmental armours</label>
    <description>Craft the famous Lorica Segmentata, combining the protection of a heavy plate Armor and a light chainmail.</description>
    <baseCost>500</baseCost>
    <prerequisites>
      <li>PlateArmor</li>
    </prerequisites>
    <techLevel>Medieval</techLevel>
    <tab>AR_ResearchTab</tab>
    <researchViewX>6</researchViewX>
    <researchViewY>2</researchViewY>
  </ResearchProjectDef>
  <ResearchProjectDef>
    <defName>AR_Project_Mechanical_Weapons</defName>
    <label>Mechanical Weaponry</label>
    <description>Adding trigger and pulling mechanisms to the concept of a stronger bow creates powerful range weapons like crossbows.</description>
    <baseCost>800</baseCost>
    <techLevel>Medieval</techLevel>
    <prerequisites>
      <li>Greatbow</li>
    </prerequisites>
    <tab>AR_ResearchTab</tab>
    <researchViewX>4</researchViewX>
    <researchViewY>3</researchViewY>
  </ResearchProjectDef>
  <ResearchProjectDef>
    <defName>AR_Project_Ballistae</defName>
    <label>Ballistae</label>
    <description>The Ballista was a fearful weapon invented by the Romans. Using torrosion it builds up an enormous power suitable to shoot diverse projectiles over long distances.</description>
    <baseCost>800</baseCost>
    <techLevel>Medieval</techLevel>
    <prerequisites>
      <li>AR_Project_Mechanical_Weapons</li>
    </prerequisites>
    <tab>AR_ResearchTab</tab>
    <researchViewX>5</researchViewX>
    <researchViewY>3</researchViewY>
  </ResearchProjectDef>
  <ResearchProjectDef>
    <defName>AR_Project_Light_Armour</defName>
    <label>light armour</label>
    <description>Glueing many layers of cloth together or just using hardened leather makes them suitable as Armors. Still worser tha metal but faster to work on.</description>
    <baseCost>500</baseCost>
    <prerequisites>
      <li>ComplexClothing</li>
    </prerequisites>
    <techLevel>Medieval</techLevel>
    <tab>AR_ResearchTab</tab>
    <researchViewX>4</researchViewX>
    <researchViewY>4</researchViewY>
  </ResearchProjectDef>
</Defs>