﻿<?xml version="1.0" encoding="utf-8"?>
<Defs>
  <ThingDef ParentName="BenchBase">
    <defName>AR_TailoringBench</defName>
    <label>ancient tailor bench</label>
    <thingClass>Building_WorkTable</thingClass>
    <description>A workbench for tailoring clothes by hand.</description>
    <graphicData>
      <texPath>Buildings/Production/TableTailorRome</texPath>
      <graphicClass>Graphic_Multi</graphicClass>
      <drawSize>(3.5,1.5)</drawSize>
      <damageData>
        <cornerTL>Damage/Corner</cornerTL>
        <cornerTR>Damage/Corner</cornerTR>
        <cornerBL>Damage/Corner</cornerBL>
        <cornerBR>Damage/Corner</cornerBR>
      </damageData>
    </graphicData>
    <costStuffCount>75</costStuffCount>
    <stuffCategories>
      <li>Metallic</li>
      <li>Woody</li>
      <li>Stony</li>
    </stuffCategories>
    <altitudeLayer>Building</altitudeLayer>
    <fillPercent>0.5</fillPercent>
    <useHitPoints>True</useHitPoints>
    <statBases>
      <WorkToBuild>2000</WorkToBuild>
      <MaxHitPoints>180</MaxHitPoints>
      <Flammability>1.0</Flammability>
      <WorkTableWorkSpeedFactor>0.75</WorkTableWorkSpeedFactor>
    </statBases>
    <size>(3,1)</size>
    <designationCategory>Production</designationCategory>
    <passability>PassThroughOnly</passability>
    <pathCost>70</pathCost>
    <hasInteractionCell>True</hasInteractionCell>
    <interactionCellOffset>(0,0,-1)</interactionCellOffset>
    <surfaceType>Item</surfaceType>
    <inspectorTabs>
      <li>ITab_Bills</li>
    </inspectorTabs>
    <building>
      <spawnedConceptLearnOpportunity>BillsTab</spawnedConceptLearnOpportunity>
    </building>
    <comps>
      <li Class="CompProperties_AffectedByFacilities">
        <linkableFacilities>
          <li>ToolCabinet</li>
        </linkableFacilities>
      </li>
    </comps>
    <placeWorkers>
      <li>PlaceWorker_ShowFacilitiesConnections</li>
    </placeWorkers>
    <researchPrerequisites>
      <li>ComplexClothing</li>
    </researchPrerequisites>
  </ThingDef>
  <ThingDef ParentName="BenchBase">
    <defName>AR_Smelter</defName>
    <label>fueled smelter</label>
    <thingClass>Building_WorkTable_HeatPush</thingClass>
    <description>A tower out of stones, built to create and keep heat in its middle, high enough to let common metals become liquid.</description>
    <graphicData>
      <texPath>Buildings/Production/Smelter</texPath>
      <graphicClass>Graphic_Multi</graphicClass>
      <drawSize>(4,4)</drawSize>
      <shaderType>CutoutComplex</shaderType>
      <damageData>
        <cornerTL>Damage/Corner</cornerTL>
        <cornerTR>Damage/Corner</cornerTR>
        <cornerBL>Damage/Corner</cornerBL>
        <cornerBR>Damage/Corner</cornerBR>
      </damageData>
    </graphicData>
    <recipes>
      <li>ExtractMetalFromSlag</li>
      <li>SmeltWeapon</li>
      <li>DestroyWeapon</li>
    </recipes>
    <stuffCategories>
      <li>Stony</li>
    </stuffCategories>
    <costStuffCount>200</costStuffCount>
    <altitudeLayer>Building</altitudeLayer>
    <fillPercent>0.5</fillPercent>
    <useHitPoints>True</useHitPoints>
    <statBases>
      <WorkToBuild>1000</WorkToBuild>
      <MaxHitPoints>180</MaxHitPoints>
      <Flammability>1.0</Flammability>
      <Cleanliness>-4</Cleanliness>
    </statBases>
    <size>(2,2)</size>
    <designationCategory>Production</designationCategory>
    <passability>Impassable</passability>
    <pathCost>70</pathCost>
    <hasInteractionCell>True</hasInteractionCell>
    <interactionCellOffset>(0,0,-1)</interactionCellOffset>
    <surfaceType>Item</surfaceType>
    <inspectorTabs>
      <li>ITab_Bills</li>
    </inspectorTabs>
    <comps>
      <li Class="CompProperties_Refuelable">
        <fuelConsumptionRate>80.0</fuelConsumptionRate>
        <fuelCapacity>50.0</fuelCapacity>
        <fuelFilter>
          <thingDefs>
            <li>WoodLog</li>
          </thingDefs>
        </fuelFilter>
        <consumeFuelOnlyWhenUsed>true</consumeFuelOnlyWhenUsed>
      </li>
      <li Class="CompProperties_Flickable" />
      <li Class="CompProperties_Glower">
        <glowRadius>5</glowRadius>
        <glowColor>(200,70,0,0)</glowColor>
      </li>
      <li Class="CompProperties_HeatPusher">
        <compClass>CompHeatPusherPowered</compClass>
        <heatPerSecond>12</heatPerSecond>
      </li>
    </comps>
    <building>
      <spawnedConceptLearnOpportunity>BillsTab</spawnedConceptLearnOpportunity>
      <heatPerTickWhileWorking>0.32</heatPerTickWhileWorking>
    </building>
    <researchPrerequisites>
      <li>Smithing</li>
    </researchPrerequisites>
  </ThingDef>
</Defs>