<?xml version="1.0" encoding="utf-8" ?>
<Defs>
	
	<ThingDef Name="AncientApparelMakeableBase" ParentName="ApparelBase" Abstract="True">
		<recipeMaker>
			<workSpeedStat>TailoringSpeed</workSpeedStat>
			<workSkill>Crafting</workSkill>
			<effectWorking>Tailor</effectWorking>
			<soundWorking>Recipe_Tailor</soundWorking>
			<recipeUsers>
				<li>AR_TailoringBench</li>
			</recipeUsers>
			<unfinishedThingDef>UnfinishedApparel</unfinishedThingDef>
		</recipeMaker>
	</ThingDef>
	
	<ThingDef Name="AncientArmourMakeableBase" ParentName="ApparelBase" Abstract="True">
		<statBases>
			<MaxHitPoints>300</MaxHitPoints>
			<Flammability>1.0</Flammability>
			<DeteriorationRate>2</DeteriorationRate>
			<Beauty>-4</Beauty>
			<SellPriceFactor>0.70</SellPriceFactor>
		</statBases>
		<recipeMaker>
			<unfinishedThingDef>UnfinishedApparel</unfinishedThingDef>
			<workSpeedStat>SmithingSpeed</workSpeedStat>
			<workSkill>Crafting</workSkill>
			<effectWorking>Smith</effectWorking>
			<soundWorking>Recipe_Smith</soundWorking>
			<recipeUsers>
				<li>ElectricSmithy</li>
				<li>FueledSmithy</li>
			</recipeUsers>
			<defaultIngredientFilter>
				<categories>
					<li>Root</li>
				</categories>
				<disallowedThingDefs>
					<li>Gold</li>
					<li>Silver</li>
					<li>Plasteel</li>
					<li>Jade</li>
					<li>Uranium</li>
				</disallowedThingDefs>
			</defaultIngredientFilter>
		</recipeMaker>
	</ThingDef>

	<!-- Civil -->

	<ThingDef ParentName="AncientApparelMakeableBase">
		<defName>AR_Tunic</defName>
		<description>A common shirt in the civilized parts of the world.</description>
		<label>tunic</label>
		<graphicData>
			<texPath>Items/Apparel/TunikaOnMap</texPath>
			<graphicClass>Graphic_Single</graphicClass>
		</graphicData>
		<costStuffCount>60</costStuffCount>
		<stuffCategories>
			<li>Fabric</li>
			<li>Leathery</li>
		</stuffCategories>
		<thingCategories>
			<li>Apparel</li>
		</thingCategories>
		<statBases>
			<WorkToMake>2000</WorkToMake>
			<StuffEffectMultiplierArmor>0.2</StuffEffectMultiplierArmor>
			<StuffEffectMultiplierInsulation_Cold>0.16</StuffEffectMultiplierInsulation_Cold>
			<StuffEffectMultiplierInsulation_Heat>0.26</StuffEffectMultiplierInsulation_Heat>
			<EquipDelay>1.5</EquipDelay>
			<Mass>0.6</Mass>
		</statBases>
		<apparel>
			<bodyPartGroups>
				<li>Torso</li>
				<li>Shoulders</li>
				<li>Legs</li>
			</bodyPartGroups>
			<wornGraphicPath>Items/Apparel/Tunika/Tunika</wornGraphicPath>
			<layers>
				<li>OnSkin</li>
			</layers>
			<tags>
				<li>Hellenic</li>
				<li>RomeCivil</li>
				<li>Persian</li>
			</tags>
			<defaultOutfitTags>
				<li>Worker</li>
			</defaultOutfitTags>
		</apparel>
		<colorGenerator Class="ColorGenerator_StandardApparel" />
	</ThingDef>
	
	<ThingDef ParentName="AncientApparelMakeableBase">
		<defName>AR_BeltedSkirt</defName>
		<description>Common clothing in the civilized parts of the world.</description>
		<label>belted skirt</label>
		<graphicData>
			<texPath>Items/Apparel/BeltedSkirtOnMap</texPath>
			<graphicClass>Graphic_Single</graphicClass>
		</graphicData>
		<costStuffCount>35</costStuffCount>
		<stuffCategories>
			<li>Fabric</li>
			<li>Leathery</li>
		</stuffCategories>
		<thingCategories>
			<li>Apparel</li>
		</thingCategories>
		<statBases>
			<WorkToMake>1600</WorkToMake>
			<StuffEffectMultiplierArmor>0.2</StuffEffectMultiplierArmor>
			<StuffEffectMultiplierInsulation_Cold>0.06</StuffEffectMultiplierInsulation_Cold>
			<StuffEffectMultiplierInsulation_Heat>0.32</StuffEffectMultiplierInsulation_Heat>
			<EquipDelay>1.5</EquipDelay>
			<Mass>0.3</Mass>
		</statBases>
		<apparel>
			<bodyPartGroups>
				<li>Legs</li>
			</bodyPartGroups>
			<wornGraphicPath>Items/Apparel/BeltedSkirt/Skirt</wornGraphicPath>
			<layers>
				<li>OnSkin</li>
			</layers>
			<tags>
				<li>Hellenic</li>
				<li>RomeCivil</li>
				<li>Spartan</li>
			</tags>
			<defaultOutfitTags>
				<li>Worker</li>
			</defaultOutfitTags>
		</apparel>
		<colorGenerator Class="ColorGenerator_StandardApparel" />
	</ThingDef>
	
	<thingDef ParentName="AncientApparelMakeableBase">
		<defName>AR_FurCape</defName>
		<label>fur cape</label>
		<description>Sometimes it is necessary to dress like a barbarian, especially in barbarian terrain.</description>
		<graphicData>
			<texPath>Items/Apparel/FurCapeOnMap</texPath>
			<graphicClass>Graphic_Single</graphicClass>
		</graphicData>
		<techLevel>Neolithic</techLevel>
		<costStuffCount>120</costStuffCount>
		<stuffCategories>
			<li>Leathery</li>
		</stuffCategories>
		<thingCategories>
			<li>Apparel</li>
		</thingCategories>
		<statBases>
			<MaxHitPoints>180</MaxHitPoints>
			<WorkToMake>8000</WorkToMake>
			<Mass>3.8</Mass>
			<StuffEffectMultiplierArmor>0.2</StuffEffectMultiplierArmor>
			<StuffEffectMultiplierInsulation_Cold>2.00</StuffEffectMultiplierInsulation_Cold>
			<StuffEffectMultiplierInsulation_Heat>0.00</StuffEffectMultiplierInsulation_Heat>
			<EquipDelay>2.5</EquipDelay>
		</statBases>
		<equippedStatOffsets>
			<MoveSpeed>-0.05</MoveSpeed>
		</equippedStatOffsets>
		<apparel>
			<bodyPartGroups>
				<li>Torso</li>
				<li>Shoulders</li>
				<li>Arms</li>
			</bodyPartGroups>
			<wornGraphicPath>Items/Apparel/FurCape/FurCape</wornGraphicPath>
			<layers>
				<li>Shell</li>
			</layers>
			<tags>

			</tags>
			<defaultOutfitTags>
				<li>Worker</li>
				<li>Soldier</li>
			</defaultOutfitTags>
		</apparel>
	</thingDef>
	
	<thingDef ParentName="AncientApparelMakeableBase">
		<defName>AR_Cape</defName>
		<description>It's a cape.</description>
		<label>cape</label>
		<graphicData>
			<texPath>Items/Apparel/CapeOnMap</texPath>
			<graphicClass>Graphic_Single</graphicClass>
			<shaderType>CutoutComplex</shaderType>
		</graphicData>
		<costStuffCount>90</costStuffCount>
		<stuffCategories>
			<li>Fabric</li>
			<li>Leathery</li>
		</stuffCategories>
		<thingCategories>
			<li>Apparel</li>
		</thingCategories>
		<statBases>
			<WorkToMake>8000</WorkToMake>
			<MaxHitPoints>180</MaxHitPoints>
			<StuffEffectMultiplierArmor>0.3</StuffEffectMultiplierArmor>
			<StuffEffectMultiplierInsulation_Cold>0.75</StuffEffectMultiplierInsulation_Cold>
			<StuffEffectMultiplierInsulation_Heat>0.75</StuffEffectMultiplierInsulation_Heat>
			<Mass>2.2</Mass>
			<EquipDelay>2.5</EquipDelay>
		</statBases>
		<equippedStatOffsets>
			<SocialImpact>0.1</SocialImpact>
		</equippedStatOffsets>
		<apparel>
			<bodyPartGroups>
				<li>Torso</li>
				<li>Shoulders</li>
				<li>Legs</li>
			</bodyPartGroups>
			<wornGraphicPath>Items/Apparel/Cape/Cape</wornGraphicPath>
			<layers>
				<li>Shell</li>
			</layers>
			<tags>
				<li>RomeOfficer</li>
				<li>BarbarianNoble</li>
			</tags>
			<defaultOutfitTags>
				<li>Worker</li>
			</defaultOutfitTags>
		</apparel>
	</thingDef>	
	
	<!-- Armour -->

	<thingDef ParentName="AncientArmourMakeableBase">
		<defName>AR_Kardiophylax</defName>
		<description>An pre-roman Armour type. Basically just a plate covering the torsos front</description>
		<label>Kardiophylax</label>
		<graphicData>
			<texPath>Items/Apparel/KardiophylaxOnMap</texPath>
			<graphicClass>Graphic_Single</graphicClass>
		</graphicData>
		<costStuffCount>80</costStuffCount>
		<stuffCategories>
			<li>Metallic</li>
		</stuffCategories>
		<thingCategories>
			<li>Apparel</li>
		</thingCategories>
		<equippedStatOffsets>
			<MoveSpeed>-0.025</MoveSpeed>
		</equippedStatOffsets>
		<statBases>
			<WorkToMake>10000</WorkToMake>
			<Mass>5</Mass>
			<StuffEffectMultiplierArmor>0.5</StuffEffectMultiplierArmor>
			<StuffEffectMultiplierInsulation_Cold>0.15</StuffEffectMultiplierInsulation_Cold>
			<StuffEffectMultiplierInsulation_Heat>0.15</StuffEffectMultiplierInsulation_Heat>
			<EquipDelay>5</EquipDelay>
		</statBases>
		<apparel>
			<bodyPartGroups>
				<li>Torso</li>
			</bodyPartGroups>
			<wornGraphicPath>Items/Apparel/Kardiophylax/Kardiophylax</wornGraphicPath>
			<layers>
				<li>Middle</li>
			</layers>
			<tags>
				<li>RomeSoldier</li>
				<li>Military</li>
			</tags>
			<defaultOutfitTags>
				<li>Soldier</li>
			</defaultOutfitTags>
		</apparel>
		<colorGenerator Class="ColorGenerator_StandardApparel" />
	</thingDef>
	
	<thingDef ParentName="AncientArmourMakeableBase">
		<defName>AR_Spaulder</defName>
		<description>Armour designed only to protect the shoulder</description>
		<label>Spaulder</label>
		<graphicData>
			<texPath>Items/Apparel/SpaulderOnMap</texPath>
			<graphicClass>Graphic_Single</graphicClass>
		</graphicData>
		<costStuffCount>30</costStuffCount>
		<stuffCategories>
			<li>Metallic</li>
		</stuffCategories>
		<thingCategories>
			<li>Apparel</li>
		</thingCategories>
		<statBases>
			<WorkToMake>10000</WorkToMake>
			<Mass>5</Mass>
			<StuffEffectMultiplierArmor>0.73</StuffEffectMultiplierArmor>
			<StuffEffectMultiplierInsulation_Cold>1.0</StuffEffectMultiplierInsulation_Cold>
			<StuffEffectMultiplierInsulation_Heat>0.5</StuffEffectMultiplierInsulation_Heat>
			<EquipDelay>5</EquipDelay>
		</statBases>
		<apparel>
			<bodyPartGroups>
				<li>Shoulders</li>
			</bodyPartGroups>
			<wornGraphicPath>Items/Apparel/Spaulder/Spaulder</wornGraphicPath>
			<layers>
				<li>Middle</li>
			</layers>
			<tags>
			</tags>
			<defaultOutfitTags>
				<li>Soldier</li>
			</defaultOutfitTags>
		</apparel>
		<colorGenerator Class="ColorGenerator_StandardApparel" />
	</thingDef>
	
</Defs>