﻿<?xml version="1.0" encoding="utf-8" ?>
<Defs>

  <ThingDef ParentName="BuildingBase">
    <defName>AR_Palisade</defName>
    <label>palisade</label>
    <thingClass>Building</thingClass>
    <category>Building</category>
    <graphicData>
      <texPath>Buildings/Palisade/Palisade_Atlas</texPath>
      <graphicClass>Graphic_Single</graphicClass>
      <linkType>Basic</linkType>
      <linkFlags>
        <li>Custom1</li>
      </linkFlags>
    </graphicData>
    <uiIconPath>Icon/Palisade</uiIconPath>
    <altitudeLayer>Building</altitudeLayer>
	<passability>Impassable</passability>
    <castEdgeShadows>true</castEdgeShadows>
    <fillPercent>0.45</fillPercent>
    <statBases>
      <MaxHitPoints>200</MaxHitPoints>
      <Beauty>-10</Beauty>
      <WorkToBuild>180</WorkToBuild>
      <Flammability>1</Flammability>
    </statBases>
    <building>
		<ai_chillDestination>true</ai_chillDestination>
		<isInert>false</isInert>
		<blueprintGraphicData>
        <texPath>Buildings/Palisade/Palisade_Atlas</texPath>
      </blueprintGraphicData>
    </building>
    <description>Pointy logs plugged into the ground.</description>
    <placingDraggableDimensions>1</placingDraggableDimensions>
    <costList>
      <WoodLog>3</WoodLog>
    </costList>
    <rotatable>false</rotatable>
    <selectable>true</selectable>
    <neverMultiSelect>true</neverMultiSelect>
    <terrainAffordanceNeeded>Heavy</terrainAffordanceNeeded>
    <designationCategory>Security</designationCategory>
    <staticSunShadowHeight>0.50</staticSunShadowHeight>
    <constructEffect>ConstructWood</constructEffect>
    <repairEffect>ConstructWood</repairEffect>
  </ThingDef>

    
</Defs>