﻿<?xml version="1.0" encoding="utf-8"?>
<Defs>
  <ThingDef ParentName="ResourceBase">
    <defName>AR_Bronze</defName>
    <label>bronze</label>
    <description>Bronze is an alloy of copper, usually mixed with one part tin and seven parts copper (although other metals can be added with this). It was the first alloy successfully smelted by man on the Old Earth, approximately eight thousand years ago, launching the Bronze Age. Bronze was originally made with copper and arsenic; the discovery of the smelting of tin and copper eliminated the risks of poisoning from the creation of bronze, causing an explosion in its abilities and popularity. Today, bronze is a very hard, heavy alloy and, despite being brittle compared to steel, is an useful (albeit weaker) ingredient in almost any building, weapon, or sculpture imaginable.</description>
    <graphicData>
      <texPath>Items/Stuff/Bronze</texPath>
      <graphicClass>Graphic_StackCount</graphicClass>
      <color>(183,122,61)</color>
    </graphicData>
    <soundInteract>Metal_Drop</soundInteract>
    <soundDrop>Metal_Drop</soundDrop>
    <statBases>
      <MarketValue>1.4</MarketValue>
      <Mass>0.59</Mass>
      <!-- Denser than steel, which is 0.5 -->
      <StuffPower_Armor_Sharp>0.85</StuffPower_Armor_Sharp>
      <StuffPower_Armor_Blunt>0.34</StuffPower_Armor_Blunt>
      <!-- Bronze is brittle -->
      <StuffPower_Armor_Heat>0.57</StuffPower_Armor_Heat>
      <StuffPower_Insulation_Cold>2</StuffPower_Insulation_Cold>
      <StuffPower_Insulation_Heat>2</StuffPower_Insulation_Heat>
      <SharpDamageMultiplier>0.9</SharpDamageMultiplier>
      <BluntDamageMultiplier>1</BluntDamageMultiplier>
      <Flammability>0</Flammability>
    </statBases>
    <useHitPoints>false</useHitPoints>
    <healthAffectsPrice>false</healthAffectsPrice>
    <thingCategories>
      <li>ResourcesRaw</li>
    </thingCategories>
    <deepCommonality>4</deepCommonality>
    <deepCountPerPortion>35</deepCountPerPortion>
    <deepLumpSizeRange>20~40</deepLumpSizeRange>
    <stuffProps>
      <categories>
        <li>Metallic</li>
      </categories>
      <appearance>Metal</appearance>
      <commonality>0.8</commonality>
      <!-- Copper and tin are more common -->
      <constructEffect>ConstructMetal</constructEffect>
      <color>(183,122,61)</color>
      <soundImpactStuff>BulletImpact_Metal</soundImpactStuff>
      <soundMeleeHitSharp>MeleeHit_Metal_Sharp</soundMeleeHitSharp>
      <soundMeleeHitBlunt>MeleeHit_Metal_Blunt</soundMeleeHitBlunt>
      <statFactors>
        <MaxHitPoints>0.87</MaxHitPoints>
        <!-- Bronze isn't as strong as steel, whose value is one. -->
        <Beauty>1.1</Beauty>
        <Flammability>0</Flammability>
      </statFactors>
    </stuffProps>
    <terrainAffordanceNeeded>Heavy</terrainAffordanceNeeded>
    <burnableByRecipe>false</burnableByRecipe>
    <smeltable>true</smeltable>
  </ThingDef>
  <ThingDef ParentName="ResourceBase">
    <defName>AR_Copper</defName>
    <label>copper</label>
    <description>Copper is a soft, easily malleable, and highly conductive metal that naturally forms in a brilliant orange color. First used as far back as ten thousand years ago, it is a major component (along with tin or, originally, arsenic) in the production of bronze, a process developed roughly eight thousand years ago. (When mixed with zinc, copper becomes brass.) Copper conducts electricity with peak efficiency and is also an excellent conduit for heat and hot liquids. \n \n The name of the metal comes from one of the most successful Bronze Age societies in Old Earth's classical antiquity: copper was initially mined on the island of Cyprus ("Cyprium", which became "copper") in Roman times.</description>
    <graphicData>
      <texPath>Items/Stuff/Copper</texPath>
      <graphicClass>Graphic_StackCount</graphicClass>
      <color>(255,255,255)</color>
    </graphicData>
    <soundInteract>Metal_Drop</soundInteract>
    <soundDrop>Metal_Drop</soundDrop>
    <statBases>
      <MarketValue>1</MarketValue>
      <Mass>0.5</Mass>
      <SharpDamageMultiplier>0.6</SharpDamageMultiplier>
      <BluntDamageMultiplier>0.9</BluntDamageMultiplier>
      <StuffPower_Armor_Sharp>0.7</StuffPower_Armor_Sharp>
      <StuffPower_Armor_Blunt>0.4</StuffPower_Armor_Blunt>
      <StuffPower_Armor_Heat>0.6</StuffPower_Armor_Heat>
      <StuffPower_Insulation_Cold>0</StuffPower_Insulation_Cold>
      <StuffPower_Insulation_Heat>4</StuffPower_Insulation_Heat>
    </statBases>
    <useHitPoints>false</useHitPoints>
    <thingCategories>
      <li>ResourcesRaw</li>
    </thingCategories>
    <deepCommonality>4</deepCommonality>
    <deepCountPerPortion>35</deepCountPerPortion>
    <deepLumpSizeRange>20~40</deepLumpSizeRange>
    <stuffProps>
      <categories>
        <li>Metallic</li>
      </categories>
      <commonality>1.00</commonality>
      <constructEffect>ConstructMetal</constructEffect>
      <color>(140,90,50)</color>
      <soundImpactStuff>BulletImpact_Metal</soundImpactStuff>
      <soundMeleeHitSharp>MeleeHit_Metal_Sharp</soundMeleeHitSharp>
      <soundMeleeHitBlunt>MeleeHit_Metal_Blunt</soundMeleeHitBlunt>
      <statFactors>
        <MaxHitPoints>.8</MaxHitPoints>
        <Beauty>1.2</Beauty>
        <Flammability>0</Flammability>
        <MeleeWeapon_CooldownMultiplier>0.9</MeleeWeapon_CooldownMultiplier>
        <WorkToMake>0.7</WorkToMake>
        <WorkToBuild>0.7</WorkToBuild>
      </statFactors>
    </stuffProps>
    <terrainAffordanceNeeded>Light</terrainAffordanceNeeded>
    <burnableByRecipe>false</burnableByRecipe>
    <smeltable>true</smeltable>
  </ThingDef>
  <ThingDef ParentName="ResourceBase">
    <defName>AR_Iron</defName>
    <label>iron</label>
    <description>A corroding metal</description>
    <graphicData>
      <texPath>Items/Stuff/Iron</texPath>
      <graphicClass>Graphic_StackCount</graphicClass>
      <color>(255,255,255)</color>
    </graphicData>
    <soundInteract>Metal_Drop</soundInteract>
    <soundDrop>Metal_Drop</soundDrop>
    <statBases>
      <MarketValue>1</MarketValue>
      <Mass>0.5</Mass>
      <DeteriorationRate>0.5</DeteriorationRate>
      <MaxHitPoints>250</MaxHitPoints>
      <StuffPower_Armor_Sharp>0.7</StuffPower_Armor_Sharp>
      <StuffPower_Armor_Blunt>0.39</StuffPower_Armor_Blunt>
      <StuffPower_Armor_Heat>0.7</StuffPower_Armor_Heat>
      <StuffPower_Insulation_Cold>1</StuffPower_Insulation_Cold>
      <StuffPower_Insulation_Heat>0</StuffPower_Insulation_Heat>
      <SharpDamageMultiplier>0.9</SharpDamageMultiplier>
      <BluntDamageMultiplier>0.9</BluntDamageMultiplier>
    </statBases>
    <useHitPoints>true</useHitPoints>
    <thingCategories>
      <li>ResourcesRaw</li>
    </thingCategories>
    <deepCommonality>4</deepCommonality>
    <deepCountPerPortion>35</deepCountPerPortion>
    <deepLumpSizeRange>20~40</deepLumpSizeRange>
    <stuffProps>
      <categories>
        <li>Metallic</li>
      </categories>
      <commonality>2.00</commonality>
      <constructEffect>ConstructMetal</constructEffect>
      <color>((160,145,140)</color>
      <soundImpactStuff>BulletImpact_Metal</soundImpactStuff>
      <soundMeleeHitSharp>MeleeHit_Metal_Sharp</soundMeleeHitSharp>
      <soundMeleeHitBlunt>MeleeHit_Metal_Blunt</soundMeleeHitBlunt>
      <statFactors>
        <Beauty>0.8</Beauty>
        <Flammability>0</Flammability>
        <MeleeWeapon_CooldownMultiplier>1</MeleeWeapon_CooldownMultiplier>
        <WorkToMake>0.5</WorkToMake>
        <WorkToBuild>0.5</WorkToBuild>
      </statFactors>
    </stuffProps>
    <terrainAffordanceNeeded>Medium</terrainAffordanceNeeded>
    <burnableByRecipe>false</burnableByRecipe>
    <smeltable>true</smeltable>
  </ThingDef>
</Defs>