﻿<?xml version="1.0" encoding="utf-8"?>
<Defs>
  <ThingDef ParentName="BuildingBase">
    <defName>AR_Palisade</defName>
    <label>palisade</label>
    <description>Impassable, pointed stakes or bollards pounded into the ground.</description>
    <thingClass>Building</thingClass>
    <category>Building</category>
    <graphicData>
      <texPath>Buildings/Palisade/Palisade_Atlas</texPath>
      <graphicClass>Graphic_Single</graphicClass>
      <linkType>Basic</linkType>
      <linkFlags>
        <li>Custom1</li>
      </linkFlags>
    </graphicData>
    <uiIconPath>Icon/Palisade</uiIconPath>
    <altitudeLayer>Building</altitudeLayer>
    <passability>Impassable</passability>
    <castEdgeShadows>true</castEdgeShadows>
    <fillPercent>0.5</fillPercent>
    <blockLight>false</blockLight>
    <blockWind>false</blockWind>
    <statBases>
      <MaxHitPoints>800</MaxHitPoints>
      <Beauty>-10</Beauty>
      <WorkToBuild>180</WorkToBuild>
      <Flammability>1</Flammability>
    </statBases>
    <building>
      <ai_chillDestination>false</ai_chillDestination>
      <isInert>false</isInert>
      <blueprintGraphicData>
        <texPath>Buildings/Palisade/Palisade_Atlas</texPath>
      </blueprintGraphicData>
    </building>
    <placingDraggableDimensions>1</placingDraggableDimensions>
    <stuffCategories>
      <li>Woody</li>
      <li>Stony</li>
      <li>Metallic</li>
      <!-- Mod Support -->
      <li MayRequire="Dubwise.Rimefeller">Plastic</li>
      <li MayRequire="Dubwise.Rimefeller">Composite</li>
      <li MayRequire="sarg.alphabiomes">AB_Exotic</li>
      <li MayRequire="sarg.alphabiomes">AB_ExoticWooden</li>
      <li MayRequire="sarg.alphabiomes">AB_ExoticMetals</li>
    </stuffCategories>
    <costStuffCount>30</costStuffCount>
    <rotatable>false</rotatable>
    <selectable>true</selectable>
    <neverMultiSelect>false</neverMultiSelect>
    <terrainAffordanceNeeded>Light</terrainAffordanceNeeded>
    <!-- Pallisades could be driven anywhere but water -->
    <designationCategory>Security</designationCategory>
    <staticSunShadowHeight>0.50</staticSunShadowHeight>
    <!--
    <constructEffect>ConstructWood</constructEffect>
    <repairEffect>ConstructWood</repairEffect>
	-->
  </ThingDef>
</Defs>