﻿<?xml version="1.0" encoding="utf-8"?>
<Patch>
  <Operation Class="PatchOperationSequence">
    <success>Always</success>
    <operations>
      <!-->Smithing<-->
      <li Class="PatchOperationRemove">
        <xpath>/Defs/ResearchProjectDef[defName = "Smithing"]/researchViewX</xpath>
      </li>
      <li Class="PatchOperationReplace">
        <xpath>/Defs/ResearchProjectDef[defName = "Smithing"]/researchViewY</xpath>
        <value>
          <researchViewY>0</researchViewY>
          <researchViewX>3</researchViewX>
          <tab>AR_ResearchTab</tab>
        </value>
      </li>
      <!-->Long Blades<-->
      <li Class="PatchOperationRemove">
        <xpath>/Defs/ResearchProjectDef[defName = "LongBlades"]/researchViewX</xpath>
      </li>
      <li Class="PatchOperationReplace">
        <xpath>/Defs/ResearchProjectDef[defName = "LongBlades"]/researchViewY</xpath>
        <value>
          <researchViewY>1</researchViewY>
          <researchViewX>4</researchViewX>
          <tab>AR_ResearchTab</tab>
        </value>
      </li>
      <!-->Plate Armor<-->
      <li Class="PatchOperationRemove">
        <xpath>/Defs/ResearchProjectDef[defName = "PlateArmor"]/researchViewX</xpath>
      </li>
      <li Class="PatchOperationReplace">
        <xpath>/Defs/ResearchProjectDef[defName = "PlateArmor"]/researchViewY</xpath>
        <value>
          <researchViewY>2</researchViewY>
          <researchViewX>5</researchViewX>
          <tab>AR_ResearchTab</tab>
        </value>
      </li>
      <li Class="PatchOperationReplace">
        <xpath>/Defs/ResearchProjectDef[defName = "PlateArmor"]/prerequisites</xpath>
        <value>
          <prerequisites>
            <li>AR_Project_Chainmail</li>
          </prerequisites>
        </value>
      </li>
    </operations>
  </Operation>
</Patch>