﻿<?xml version="1.0" encoding="utf-8"?>
<Defs>
  <!-- metal -->
  <recipeDef>
    <defName>AR_AlloyBronze</defName>
    <label>smelt iron and copper to bronze (x15)</label>
    <description>Use the heat of concentrated wood fire to smelt metals.</description>
    <jobString>Smelting iron and copper to bronze.</jobString>
    <workAmount>1600</workAmount>
    <workSpeedStat>GeneralLaborSpeed</workSpeedStat>
    <effectWorking>Smelt</effectWorking>
    <soundWorking>Recipe_Smelt</soundWorking>
    <ingredients>
      <li>
        <filter>
          <thingDefs>
            <li>AR_Copper</li>
          </thingDefs>
        </filter>
        <count>10</count>
      </li>
      <li>
        <filter>
          <thingDefs>
            <li>AR_Iron</li>
          </thingDefs>
        </filter>
        <count>5</count>
      </li>
    </ingredients>
    <products>
      <AR_Bronze>15</AR_Bronze>
    </products>
    <fixedIngredientFilter>
      <thingDefs>
        <li>AR_Iron</li>
        <li>AR_Copper</li>
      </thingDefs>
    </fixedIngredientFilter>
    <recipeUsers>
      <li>AR_Smelter</li>
      <li>ElectricSmelter</li>
    </recipeUsers>
    <researchPrerequisite>AR_Project_Metal_I</researchPrerequisite>
  </recipeDef>
  <recipeDef>
    <defName>AR_AlloySteel</defName>
    <label>smelt iron and copper to steel (x10)</label>
    <description>Use the heat of concentrated wood fire to smelt metals.</description>
    <jobString>Smelting iron and copper to steel.</jobString>
    <workAmount>1600</workAmount>
    <workSpeedStat>GeneralLaborSpeed</workSpeedStat>
    <effectWorking>Smelt</effectWorking>
    <soundWorking>Recipe_Smelt</soundWorking>
    <ingredients>
      <li>
        <filter>
          <thingDefs>
            <li>AR_Iron</li>
          </thingDefs>
        </filter>
        <count>10</count>
      </li>
      <li>
        <filter>
          <thingDefs>
            <li>AR_Copper</li>
          </thingDefs>
        </filter>
        <count>1</count>
      </li>
      <li>
        <filter>
          <thingDefs>
            <li>WoodLog</li>
          </thingDefs>
        </filter>
        <count>5</count>
      </li>
    </ingredients>
    <products>
      <Steel>10</Steel>
    </products>
    <fixedIngredientFilter>
      <thingDefs>
        <li>AR_Iron</li>
        <li>AR_Copper</li>
        <li>WoodLog</li>
      </thingDefs>
    </fixedIngredientFilter>
    <recipeUsers>
      <li>AR_Smelter</li>
      <li>ElectricSmelter</li>
    </recipeUsers>
    <researchPrerequisite>AR_Project_Metal_II</researchPrerequisite>
  </recipeDef>
  <recipeDef>
    <defName>AR_AlloyPlasteel</defName>
    <label>smelt steel and copper to plasteel</label>
    <description>Use the heat of concentrated wood fire to smelt metals.</description>
    <jobString>Smelting iron and synthread to plasteel.</jobString>
    <workAmount>1600</workAmount>
    <workSpeedStat>GeneralLaborSpeed</workSpeedStat>
    <effectWorking>Smelt</effectWorking>
    <soundWorking>Recipe_Smelt</soundWorking>
    <ingredients>
      <li>
        <filter>
          <thingDefs>
            <li>Steel</li>
          </thingDefs>
        </filter>
        <count>10</count>
      </li>
      <li>
        <filter>
          <thingDefs>
            <li>AR_Bronze</li>
          </thingDefs>
        </filter>
        <count>5</count>
      </li>
      <li>
        <filter>
          <thingDefs>
            <li>Synthread</li>
          </thingDefs>
        </filter>
        <count>10</count>
      </li>
    </ingredients>
    <products>
      <Plasteel>10</Plasteel>
    </products>
    <fixedIngredientFilter>
      <thingDefs>
        <li>Steel</li>
        <li>AR_Bronze</li>
        <li>Synthread</li>
      </thingDefs>
    </fixedIngredientFilter>
    <recipeUsers>
      <li>ElectricSmelter</li>
    </recipeUsers>
    <researchPrerequisite>AR_Project_Metal_III</researchPrerequisite>
  </recipeDef>
  <recipeDef>
    <defName>AR_AlloyBronzeBulk</defName>
    <label>smelt iron and copper to bronze (x75)</label>
    <description>Use the heat of concentrated wood fire to smelt metals.</description>
    <jobString>Smelting iron and copper to bronze.</jobString>
    <workAmount>4000</workAmount>
    <workSpeedStat>GeneralLaborSpeed</workSpeedStat>
    <effectWorking>Smelt</effectWorking>
    <soundWorking>Recipe_Smelt</soundWorking>
    <ingredients>
      <li>
        <filter>
          <thingDefs>
            <li>AR_Copper</li>
          </thingDefs>
        </filter>
        <count>50</count>
      </li>
      <li>
        <filter>
          <thingDefs>
            <li>AR_Iron</li>
          </thingDefs>
        </filter>
        <count>25</count>
      </li>
    </ingredients>
    <products>
      <AR_Bronze>75</AR_Bronze>
    </products>
    <fixedIngredientFilter>
      <thingDefs>
        <li>AR_Iron</li>
        <li>AR_Copper</li>
      </thingDefs>
    </fixedIngredientFilter>
    <recipeUsers>
      <li>ElectricSmelter</li>
    </recipeUsers>
    <researchPrerequisite>AR_Project_Metal_I</researchPrerequisite>
  </recipeDef>
  <recipeDef>
    <defName>AR_AlloySteelBulk</defName>
    <label>smelt iron and copper to steel (x50)</label>
    <description>Use the heat of concentrated wood fire to smelt metals.</description>
    <jobString>Smelting iron and copper to steel.</jobString>
    <workAmount>4000</workAmount>
    <workSpeedStat>GeneralLaborSpeed</workSpeedStat>
    <effectWorking>Smelt</effectWorking>
    <soundWorking>Recipe_Smelt</soundWorking>
    <ingredients>
      <li>
        <filter>
          <thingDefs>
            <li>AR_Iron</li>
          </thingDefs>
        </filter>
        <count>50</count>
      </li>
      <li>
        <filter>
          <thingDefs>
            <li>AR_Copper</li>
          </thingDefs>
        </filter>
        <count>5</count>
      </li>
      <li>
        <filter>
          <thingDefs>
            <li>WoodLog</li>
          </thingDefs>
        </filter>
        <count>25</count>
      </li>
    </ingredients>
    <products>
      <Steel>50</Steel>
    </products>
    <fixedIngredientFilter>
      <thingDefs>
        <li>AR_Iron</li>
        <li>AR_Copper</li>
        <li>WoodLog</li>
      </thingDefs>
    </fixedIngredientFilter>
    <recipeUsers>
      <li>ElectricSmelter</li>
    </recipeUsers>
    <researchPrerequisite>AR_Project_Metal_II</researchPrerequisite>
  </recipeDef>
</Defs>