﻿<?xml version="1.0" encoding="utf-8"?>
<Defs>
  <workGiverDef>
    <defName>DoBillsMakeApparel_AR</defName>
    <label>make apparel</label>
    <giverClass>WorkGiver_DoBill</giverClass>
    <workType>Tailoring</workType>
    <priorityInType>115</priorityInType>
    <fixedBillGiverDefs>
      <li>FueledSmithy</li>
      <li>ElectricSmithy</li>
    </fixedBillGiverDefs>
    <verb>tailor</verb>
    <gerund>tailoring at</gerund>
    <requiredCapacities>
      <li>Manipulation</li>
    </requiredCapacities>
    <prioritizeSustains>true</prioritizeSustains>
  </workGiverDef>
  <workGiverDef>
    <defName>DoBillsSmelter_AR</defName>
    <label>smelt items</label>
    <giverClass>WorkGiver_DoBill</giverClass>
    <workType>Crafting</workType>
    <priorityInType>80</priorityInType>
    <fixedBillGiverDefs>
      <li>AR_Smelter</li>
    </fixedBillGiverDefs>
    <verb>refine</verb>
    <gerund>refining at</gerund>
    <requiredCapacities>
      <li>Manipulation</li>
    </requiredCapacities>
    <prioritizeSustains>true</prioritizeSustains>
  </workGiverDef>
</Defs>