﻿<?xml version="1.0" encoding="utf-8"?>
<Patch>
  <Operation Class="PatchOperationConditional">
    <!-- DO THE GENTILES KNOW? -->
    <xpath>/Defs/ThingDef[defName="VFE_Res_Obelisk"]</xpath>
    <!-- If they do, SHUT IT DOWN. -->
    <match Class="PatchOperationRemove">
      <success>Always</success>
      <xpath>Defs/ThingDef[defName="VFE_Res_Obelisk"]/techLevel</xpath>
    </match>
    <!-- If the first XPATH does not exist, the original code stands. All according to plan. -->
  </Operation>
  <Operation Class="PatchOperationConditional">
    <!-- DO THE GENTILES KNOW? -->
    <xpath>/Defs/ThingDef[defName="VFE_Res_Rugs"]</xpath>
    <!-- If they do, SHUT IT DOWN. -->
    <match Class="PatchOperationRemove">
      <success>Always</success>
      <xpath>Defs/ThingDef[defName="VFE_Res_Rugs"]/techLevel</xpath>
    </match>
    <!-- If the first XPATH does not exist, the original code stands. All according to plan. -->
  </Operation>
  <Operation Class="PatchOperationConditional">
    <!-- DO THE GENTILES KNOW? -->
    <xpath>/Defs/ThingDef[defName="VFE_Res_Wallpapers"]</xpath>
    <!-- If they do, SHUT IT DOWN. -->
    <match Class="PatchOperationRemove">
      <success>Always</success>
      <xpath>Defs/ThingDef[defName="VFE_Res_Wallpapers"]/techLevel</xpath>
    </match>
    <!-- If the first XPATH does not exist, the original code stands. All according to plan. -->
  </Operation>
  <Operation Class="PatchOperationConditional">
    <!-- DO THE GENTILES KNOW? -->
    <xpath>/Defs/ThingDef[defName="VFE_Res_Statues"]</xpath>
    <!-- If they do, SHUT IT DOWN. -->
    <match Class="PatchOperationRemove">
      <success>Always</success>
      <xpath>Defs/ThingDef[defName="VFE_Res_Statues"]/techLevel</xpath>
    </match>
    <!-- If the first XPATH does not exist, the original code stands. All according to plan. -->
  </Operation>
  <Operation Class="PatchOperationConditional">
    <!-- DO THE GENTILES KNOW? -->
    <xpath>/Defs/ThingDef[defName="VFE_Res_WallCarvings"]</xpath>
    <!-- If they do, SHUT IT DOWN. -->
    <match Class="PatchOperationRemove">
      <success>Always</success>
      <xpath>Defs/ThingDef[defName="VFE_Res_WallCarvings"]/techLevel</xpath>
    </match>
    <!-- If the first XPATH does not exist, the original code stands. All according to plan. -->
  </Operation>
  <Operation Class="PatchOperationConditional">
    <!-- DO THE GENTILES KNOW? -->
    <xpath>/Defs/ThingDef[defName="VFE_Res_Monuments"]</xpath>
    <!-- If they do, SHUT IT DOWN. -->
    <match Class="PatchOperationRemove">
      <success>Always</success>
      <xpath>Defs/ThingDef[defName="VFE_Res_Monuments"]/techLevel</xpath>
    </match>
    <!-- If the first XPATH does not exist, the original code stands. All according to plan. -->
  </Operation>
  <Operation Class="PatchOperationConditional">
    <!-- Does this exist? -->
    <xpath>/Defs/ResearchProjectDef[defName="VFE_Res_Obelisk"]</xpath>
    <!-- If it does, add this. -->
    <match Class="PatchOperationAdd">
      <success>Always</success>
      <xpath>/Defs/ResearchProjectDef[defName="VFE_Res_Obelisk"]</xpath>
      <value>
        <techLevel>Neolithic</techLevel>
        <tags>
          <li>EgyptStart</li>
          <li MayRequire="oskarpotocki.vfe.classical">ClassicalStart</li>
          <li MayRequire="sz.tw.new.guohun">SZ_Start</li>
          <li MayRequire="morishep.tarojun.onioftherim">OniStart</li>
        </tags>
      </value>
    </match>
    <!-- If the first XPATH does not exist, the original code stands. -->
  </Operation>
  <Operation Class="PatchOperationConditional">
    <!-- Does this exist? -->
    <xpath>/Defs/ResearchProjectDef[defName="VFE_Res_Pottery"]</xpath>
    <!-- If it does, add this. -->
    <match Class="PatchOperationAdd">
      <success>Always</success>
      <xpath>/Defs/ResearchProjectDef[defName="VFE_Res_Pottery"]</xpath>
      <value>
        <tags>
          <li>TribalStart</li>
          <li>EgyptStart</li>
          <li>GaulStart</li>
          <li>RomanStart</li>
          <li MayRequire="oskarpotocki.vfe.classical">ClassicalStart</li>
          <li MayRequire="sz.tw.new.guohun">SZ_Start</li>
          <li MayRequire="oskarpotocki.vanillafactionsexpanded.medievalmodule">VFEM_MedievalStart</li>
          <li MayRequire="morishep.tarojun.onioftherim">OniStart</li>
        </tags>
      </value>
    </match>
    <!-- If the first XPATH does not exist, the original code stands. -->
  </Operation>
  <Operation Class="PatchOperationConditional">
    <!-- Does this exist? -->
    <xpath>/Defs/ResearchProjectDef[defName="VFE_Res_Rugs"]</xpath>
    <!-- If it does, add this. -->
    <match Class="PatchOperationAdd">
      <success>Always</success>
      <xpath>/Defs/ResearchProjectDef[defName="VFE_Res_Rugs"]</xpath>
      <value>
        <techLevel>Neolithic</techLevel>
        <tags>
          <li>TribalStart</li>
          <li>EgyptStart</li>
          <li>RomanStart</li>
          <li>GaulStart</li>
          <li MayRequire="oskarpotocki.vfe.classical">ClassicalStart</li>
          <li MayRequire="sz.tw.new.guohun">SZ_Start</li>
          <li MayRequire="oskarpotocki.vanillafactionsexpanded.medievalmodule">VFEM_MedievalStart</li>
          <li MayRequire="morishep.tarojun.onioftherim">OniStart</li>
        </tags>
      </value>
    </match>
    <!-- If the first XPATH does not exist, the original code stands. -->
  </Operation>
  <Operation Class="PatchOperationConditional">
    <!-- Does this exist? -->
    <xpath>/Defs/ResearchProjectDef[defName="VFE_Res_Wallpapers"]</xpath>
    <!-- If it does, do this replacement. -->
    <success>Always</success>
    <match Class="PatchOperationReplace">
      <xpath>/Defs/ThingDef[@Name="WallRome"]/researchPrerequisites</xpath>
      <value>
        <researchPrerequisites>
          <li>VFE_Res_Wallpapers</li>
        </researchPrerequisites>
      </value>
    </match>
    <!-- If the first XPATH does not exist, the original code stands. -->
  </Operation>
  <Operation Class="PatchOperationConditional">
    <!-- Does this exist? -->
    <xpath>/Defs/ResearchProjectDef[defName="VFE_Res_Wallpapers"]</xpath>
    <!-- If it does, add this. -->
    <match Class="PatchOperationAdd">
      <success>Always</success>
      <xpath>/Defs/ResearchProjectDef[defName="VFE_Res_Wallpapers"]</xpath>
      <value>
        <techLevel>Neolithic</techLevel>
        <tags>
          <li>ClassicStart</li>
          <!-- <li>TribalStart</li> -->
          <li>EgyptStart</li>
          <li>RomanStart</li>
          <li MayRequire="oskarpotocki.vfe.classical">ClassicalStart</li>
          <li MayRequire="oskarpotocki.vanillafactionsexpanded.medievalmodule">VFEM_MedievalStart</li>
          <li MayRequire="sz.tw.new.guohun">SZ_Start</li>
          <li MayRequire="morishep.tarojun.onioftherim">OniStart</li>
        </tags>
      </value>
    </match>
    <!-- If the first XPATH does not exist, the original code stands. -->
  </Operation>
  <Operation Class="PatchOperationConditional">
    <!-- Does this exist? -->
    <xpath>/Defs/ResearchProjectDef[defName="VFE_Res_WallCarvings"]</xpath>
    <!-- If it does, add this. -->
    <match Class="PatchOperationAdd">
      <success>Always</success>
      <xpath>/Defs/ResearchProjectDef[defName="VFE_Res_WallCarvings"]</xpath>
      <value>
        <techLevel>Neolithic</techLevel>
        <prerequisites>
          <li>Stonecutting</li>
        </prerequisites>
        <tags>
          <li>EgyptStart</li>
          <li MayRequire="oskarpotocki.vfe.classical">ClassicalStart</li>
        </tags>
      </value>
    </match>
    <!-- If the first XPATH does not exist, the original code stands. -->
  </Operation>
  <Operation Class="PatchOperationConditional">
    <!-- Does this exist? -->
    <xpath>/Defs/ResearchProjectDef[defName="VFE_Res_Monuments"]</xpath>
    <!-- If it does, add this. -->
    <match Class="PatchOperationAdd">
      <success>Always</success>
      <xpath>/Defs/ResearchProjectDef[defName="VFE_Res_Monuments"]</xpath>
      <value>
        <techLevel>Neolithic</techLevel>
        <prerequisites>
          <li>Stonecutting</li>
        </prerequisites>
        <tags>
          <li>EgyptStart</li>
        </tags>
      </value>
    </match>
    <!-- If the first XPATH does not exist, the original code stands. -->
  </Operation>
  <Operation Class="PatchOperationConditional">
    <!-- Does this exist? -->
    <xpath>/Defs/ResearchProjectDef[defName="VFE_Res_Statues"]</xpath>
    <!-- If it does, add this. -->
    <match Class="PatchOperationAdd">
      <success>Always</success>
      <xpath>/Defs/ResearchProjectDef[defName="VFE_Res_Statues"]</xpath>
      <value>
        <tags>
          <li>RomanStart</li>
          <li MayRequire="oskarpotocki.vfe.classical">ClassicalStart</li>
        </tags>
        <techLevel>Neolithic</techLevel>
        <prerequisites>
          <li>AR_Project_Mediterranean_Culture</li>
        </prerequisites>
      </value>
    </match>
    <!-- If the first XPATH does not exist, the original code stands. -->
  </Operation>
  <Operation Class="PatchOperationConditional">
    <!-- Does this exist? -->
    <xpath>/Defs/ResearchProjectDef[defName="VFE_Res_Wallpapers"]</xpath>
    <!-- If it does, do this replacement. -->
    <match Class="PatchOperationReplace">
      <success>Always</success>
      <xpath>/Defs/ThingDef[@Name="WallRome"]/researchPrerequisites</xpath>
      <value>
        <researchPrerequisites>
          <li>VFE_Res_Wallpapers</li>
        </researchPrerequisites>
      </value>
    </match>
    <!-- If the first XPATH does not exist, the original code stands. -->
  </Operation>
  <Operation Class="PatchOperationConditional">
    <!-- Does this exist? -->
    <xpath>/Defs/ResearchProjectDef[defName="VFE_Res_Obelisk"]</xpath>
    <!-- If it does, do this replacement. -->
    <match Class="PatchOperationReplace">
      <success>Always</success>
      <xpath>/Defs/ResearchProjectDef[defName="VFE_Res_Obelisk"]/tab</xpath>
      <value>
        <tab>AR_ResearchTab</tab>
      </value>
    </match>
    <!-- If the first XPATH does not exist, the original code stands. -->
  </Operation>
  <Operation Class="PatchOperationConditional">
    <!-- Does this exist? -->
    <xpath>/Defs/ResearchProjectDef[defName="VFE_Res_Obelisk"]</xpath>
    <!-- If it does, do this replacement. -->
    <match Class="PatchOperationReplace">
      <success>Always</success>
      <xpath>/Defs/ResearchProjectDef[defName="VFE_Res_Obelisk"]/researchViewX</xpath>
      <value>
        <researchViewX>0</researchViewX>
      </value>
    </match>
    <!-- If the first XPATH does not exist, the original code stands. -->
  </Operation>
  <Operation Class="PatchOperationConditional">
    <!-- Does this exist? -->
    <xpath>/Defs/ResearchProjectDef[defName="VFE_Res_Obelisk"]</xpath>
    <!-- If it does, do this replacement. -->
    <match Class="PatchOperationReplace">
      <success>Always</success>
      <xpath>/Defs/ResearchProjectDef[defName="VFE_Res_Obelisk"]/researchViewY</xpath>
      <value>
        <researchViewY>2</researchViewY>
      </value>
    </match>
    <!-- If the first XPATH does not exist, the original code stands. -->
  </Operation>
  <Operation Class="PatchOperationConditional">
    <!-- Does this exist? -->
    <xpath>/Defs/ResearchProjectDef[defName="AR_Project_Oriental_Culture"]</xpath>
    <!-- If it does, do this replacement. -->
    <match Class="PatchOperationReplace">
      <success>Always</success>
      <xpath>/Defs/ResearchProjectDef[defName="AR_Project_Oriental_Culture"]/researchViewX</xpath>
      <value>
        <researchViewX>1</researchViewX>
      </value>
    </match>
    <!-- If the first XPATH does not exist, the original code stands. -->
  </Operation>
  <Operation Class="PatchOperationConditional">
    <!-- Does this exist? -->
    <xpath>/Defs/ResearchProjectDef[defName="AR_Project_Oriental_Culture"]</xpath>
    <!-- If it does, do this replacement. -->
    <match Class="PatchOperationReplace">
      <success>Always</success>
      <xpath>/Defs/ResearchProjectDef[defName="AR_Project_Oriental_Culture"]/researchViewY</xpath>
      <value>
        <researchViewY>2</researchViewY>
      </value>
    </match>
    <!-- If the first XPATH does not exist, the original code stands. -->
  </Operation>
</Patch>