﻿<?xml version="1.0" encoding="utf-8"?>
<Patch>
  <Operation Class="PatchOperationAdd">
    <xpath>/Defs/ThingDef[defName = "MeleeWeapon_Gladius"]/weaponTags</xpath>
    <value>
      <li>RomeSoldier</li>
      <li>Hellenic</li>
      <li>SpearMen</li>
    </value>
  </Operation>
  <Operation Class="PatchOperationConditional">
    <!-- Does this exist? -->
    <xpath>/Defs/ThingDef[defName="MeleeWeapon_StoneHammer"]</xpath>
    <!-- If it does, add this. -->
    <match Class="PatchOperationAdd">
      <success>Always</success>
      <xpath>/Defs/ThingDef[defName="MeleeWeapon_StoneHammer"]/weaponTags</xpath>
      <value>
        <li>EgyptianLight</li>
        <li>Toolagri</li>
      </value>
    </match>
    <!-- If the first XPATH does not exist, the original code stands. -->
  </Operation>
  <Operation Class="PatchOperationConditional">
    <!-- Does this exist? -->
    <xpath>/Defs/ThingDef[defName="MeleeWeapon_StoneSpear"]</xpath>
    <!-- If it does, add this. -->
    <match Class="PatchOperationAdd">
      <success>Always</success>
      <xpath>/Defs/ThingDef[defName="MeleeWeapon_StoneSpear"]/weaponTags</xpath>
      <value>
        <li>Javiliner</li>
      </value>
    </match>
    <!-- If the first XPATH does not exist, the original code stands. -->
  </Operation>
  <Operation Class="PatchOperationConditional">
    <!-- Does this exist? -->
    <xpath>/Defs/ThingDef[defName="RangedWeapon_LeatherSling"]</xpath>
    <!-- If it does, add this. -->
    <match Class="PatchOperationAdd">
      <success>Always</success>
      <xpath>/Defs/ThingDef[defName="RangedWeapon_LeatherSling"]/weaponTags</xpath>
      <value>
        <li>Slinger</li>
        <li>NeolithicRangedBasic</li>
        <li>Barbarian</li>
      </value>
    </match>
    <!-- If the first XPATH does not exist, the original code stands. -->
  </Operation>
  <Operation Class="PatchOperationConditional">
    <!-- Does this exist? -->
    <xpath>/Defs/ThingDef[defName="RangedWeapon_LeatherSling"]</xpath>
    <!-- If it does, add this. -->
    <match Class="PatchOperationAdd">
      <success>Always</success>
      <xpath>/Defs/ThingDef[defName="RangedWeapon_LeatherSling"]</xpath>
      <value>
        <generateCommonality Inherit="False">0.4</generateCommonality>
        <!-- The AR Mod series' version is more powerful as well as more common -->
      </value>
    </match>
    <!-- If the first XPATH does not exist, the original code stands. -->
  </Operation>
  <Operation Class="PatchOperationConditional">
    <!-- Does this exist? -->
    <xpath>/Defs/ThingDef[defName="MeleeWeapon_StoneAxe"]</xpath>
    <!-- If it does, add this. -->
    <match Class="PatchOperationAdd">
      <success>Always</success>
      <xpath>/Defs/ThingDef[defName="MeleeWeapon_StoneAxe"]/weaponTags</xpath>
      <value>
        <li>Axe</li>
        <li>NeolithicMeleeBasic</li>
        <li>Barbarian</li>
        <li>Toolagri</li>
      </value>
    </match>
    <!-- If the first XPATH does not exist, the original code stands. -->
  </Operation>
  <Operation Class="PatchOperationConditional">
    <!-- Does this exist? -->
    <xpath>/Defs/ThingDef[defName="MeleeWeapon_StoneAxe"]</xpath>
    <!-- If it does, add this. -->
    <match Class="PatchOperationAdd">
      <success>Always</success>
      <xpath>/Defs/ThingDef[defName="MeleeWeapon_StoneAxe"]</xpath>
      <value>
        <generateCommonality Inherit="False">0.4</generateCommonality>
      </value>
    </match>
    <!-- If the first XPATH does not exist, the original code stands. -->
  </Operation>
  <Operation Class="PatchOperationConditional">
    <!-- Does this exist? -->
    <xpath>/Defs/ThingDef[defName="MeleeWeapon_StoneSword"]</xpath>
    <!-- If it does, add this. -->
    <match Class="PatchOperationAdd">
      <success>Always</success>
      <xpath>/Defs/ThingDef[defName="MeleeWeapon_StoneSword"]/weaponTags</xpath>
      <value>
        <li>Axe</li>
        <li>Barbarian</li>
        <li>SimpleSpear</li>
        <li>Knife</li>
      </value>
    </match>
    <!-- If the first XPATH does not exist, the original code stands. -->
  </Operation>
  <Operation Class="PatchOperationConditional">
    <!-- Does this exist? -->
    <xpath>/Defs/ThingDef[defName="MeleeWeapon_StoneSword"]</xpath>
    <!-- If it does, add this. -->
    <match Class="PatchOperationAdd">
      <success>Always</success>
      <xpath>/Defs/ThingDef[defName="MeleeWeapon_StoneSword"]</xpath>
      <value>
        <generateCommonality Inherit="False">0.3</generateCommonality>
      </value>
    </match>
    <!-- If the first XPATH does not exist, the original code stands. -->
  </Operation>
  <Operation Class="PatchOperationConditional">
    <!-- Does this exist? -->
    <xpath>/Defs/ThingDef[defName="SimpleWoodenShield"]</xpath>
    <!-- If it does, add this. -->
    <match Class="PatchOperationAdd">
      <success>Always</success>
      <xpath>/Defs/ThingDef[defName="SimpleWoodenShield"]</xpath>
      <value>
        <description>A primitive, basic shield used to offer some protection for low-ranking (and expendable) soldiers. While it can deflect arrows, its usage against bullets is minimal.</description>
      </value>
    </match>
    <!-- If the first XPATH does not exist, the original code stands. -->
  </Operation>
  <Operation Class="PatchOperationConditional">
    <!-- Does this exist? -->
    <xpath>/Defs/ThingDef[defName="SimpleWoodenShield"]</xpath>
    <!-- If it does, add this. -->
    <match Class="PatchOperationAdd">
      <success>Always</success>
      <xpath>/Defs/ThingDef[defName="SimpleWoodenShield"]</xpath>
      <value>
        <generateCommonality>0.6</generateCommonality>
      </value>
    </match>
    <!-- If the first XPATH does not exist, the original code stands. -->
  </Operation>
  <Operation Class="PatchOperationConditional">
    <!-- Does this exist? -->
    <xpath>/Defs/ThingDef[defName="SimpleWoodenShield"]</xpath>
    <!-- If it does, add this. -->
    <match Class="PatchOperationAdd">
      <success>Always</success>
      <xpath>/Defs/ThingDef[defName="SimpleWoodenShield"]/weaponTags</xpath>
      <value>
        <li>ShieldsOrientLight</li>
        <li>ShieldsPersianLight</li>
        <li>ShieldsGreekLight</li>
        <li>ShieldsNubian</li>
      </value>
    </match>
    <!-- If the first XPATH does not exist, the original code stands. -->
  </Operation>
  <Operation Class="PatchOperationConditional">
    <!-- Does this exist? -->
    <xpath>/Defs/ThingDef[defName="Maasi"]</xpath>
    <!-- If it does, add this. -->
    <match Class="PatchOperationAdd">
      <success>Always</success>
      <xpath>/Defs/ThingDef[defName="Maasi"]</xpath>
      <value>
        <description>As hideous as it is effective, this ugly shield is common throughout parts of Old Earth's sub-Saharan Africa and has many different names. In southern Africa, it is traditionally made of leather (such as cow hide), while in other parts of the continent, it is made of wood. \n \n On Old Earth, no soldier in the history of Ancient Egypt would be caught dead with something this ugly and simplistic, but the eons separating the Pharaohs of the Rim from their original counterparts led to widespread incorporation of this shield into the light skirmishers and low-ranking soldiery.</description>
      </value>
    </match>
    <!-- If the first XPATH does not exist, the original code stands. -->
  </Operation>
  <Operation Class="PatchOperationConditional">
    <!-- Does this exist? -->
    <xpath>/Defs/ThingDef[defName="Maasi"]</xpath>
    <!-- If it does, add this. -->
    <match Class="PatchOperationAdd">
      <success>Always</success>
      <xpath>/Defs/ThingDef[defName="Maasi"]</xpath>
      <value>
        <generateCommonality>0.6</generateCommonality>
      </value>
    </match>
    <!-- If the first XPATH does not exist, the original code stands. -->
  </Operation>
  <Operation Class="PatchOperationConditional">
    <!-- Does this exist? -->
    <xpath>/Defs/ThingDef[defName="Maasi"]</xpath>
    <!-- If it does, add this. -->
    <match Class="PatchOperationAdd">
      <success>Always</success>
      <xpath>/Defs/ThingDef[defName="Maasi"]/weaponTags</xpath>
      <value>
        <li>ShieldsNubian</li>
        <li>ShieldsMaasi</li>
      </value>
    </match>
    <!-- If the first XPATH does not exist, the original code stands. -->
  </Operation>
  <Operation Class="PatchOperationConditional">
    <!-- Does this exist? -->
    <xpath>/Defs/ThingDef[defName="SimpleWoodenShield"]</xpath>
    <!-- If it does, do this replacement. -->
    <match Class="PatchOperationReplace">
      <success>Always</success>
      <xpath>/Defs/PawnKindDef[defName="AR_ESpear"]/modExtensions/li/shieldTags</xpath>
      <value>
        <shieldTags>
          <li>ShieldsNubian</li>
          <li>ShieldsPersianLight</li>
        </shieldTags>
      </value>
    </match>
    <!-- If the first XPATH does not exist, the original code stands. -->
  </Operation>
</Patch>