﻿<?xml version="1.0" encoding="utf-8" ?>
<Defs>

  
  <ThingDef ParentName="ResourceBase">
    <defName>AR_Bronze</defName>
    <label>bronze</label>
    <description>An copper-tin metal alloy used for building armor and weapons.</description>
    <graphicData>
      <texPath>Items/Stuff/Bronze</texPath>
      <graphicClass>Graphic_StackCount</graphicClass>
      <color>(183,122,61)</color>
    </graphicData>
    <soundInteract>Metal_Drop</soundInteract>
    <soundDrop>Metal_Drop</soundDrop>
    <statBases>
      <MarketValue>1.4</MarketValue>
      <Mass>0.5</Mass>
      <StuffPower_Armor_Sharp>0.85</StuffPower_Armor_Sharp>
      <StuffPower_Armor_Blunt>0.44</StuffPower_Armor_Blunt>
      <StuffPower_Armor_Heat>0.85</StuffPower_Armor_Heat>
      <StuffPower_Insulation_Cold>2</StuffPower_Insulation_Cold>
      <StuffPower_Insulation_Heat>2</StuffPower_Insulation_Heat>
      <SharpDamageMultiplier>0.9</SharpDamageMultiplier>
      <BluntDamageMultiplier>1</BluntDamageMultiplier>
    </statBases>
    <useHitPoints>false</useHitPoints>
    <thingCategories>
      <li>ResourcesRaw</li>
    </thingCategories>
    <deepCommonality>4</deepCommonality>
    <deepCountPerPortion>35</deepCountPerPortion>
    <deepLumpSizeRange>20~40</deepLumpSizeRange>
    <stuffProps>
      <categories>
        <li>Metallic</li>
      </categories>
      <commonality>1.00</commonality>
      <constructEffect>ConstructMetal</constructEffect>
      <color>(183,122,61)</color>
      <soundImpactStuff>BulletImpact_Metal</soundImpactStuff>
      <soundMeleeHitSharp>MeleeHit_Metal_Sharp</soundMeleeHitSharp>
      <soundMeleeHitBlunt>MeleeHit_Metal_Blunt</soundMeleeHitBlunt>
      <statFactors>
        <MaxHitPoints>1.5</MaxHitPoints>
        <Beauty>1.1</Beauty>
        <Flammability>0.2</Flammability>
      </statFactors>
    </stuffProps>
	<terrainAffordanceNeeded>Medium</terrainAffordanceNeeded>
	<burnableByRecipe>false</burnableByRecipe>
    <smeltable>true</smeltable>
  </ThingDef>
  
  <ThingDef ParentName="ResourceBase">
    <defName>AR_Copper</defName>
    <label>copper</label>
    <description>A conductive metal</description>
    <graphicData>
      <texPath>Items/Stuff/Copper</texPath>
      <graphicClass>Graphic_StackCount</graphicClass>
      <color>(255,255,255)</color>
    </graphicData>
    <soundInteract>Metal_Drop</soundInteract>
    <soundDrop>Metal_Drop</soundDrop>
    <statBases>
      <MarketValue>1</MarketValue>
      <Mass>0.5</Mass>
      <SharpDamageMultiplier>.6</SharpDamageMultiplier>
      <BluntDamageMultiplier>.9</BluntDamageMultiplier>
      <StuffPower_Armor_Sharp>0.7</StuffPower_Armor_Sharp>
      <StuffPower_Armor_Blunt>0.4</StuffPower_Armor_Blunt>
      <StuffPower_Armor_Heat>0.6</StuffPower_Armor_Heat>
      <StuffPower_Insulation_Cold>3</StuffPower_Insulation_Cold>
      <StuffPower_Insulation_Heat>3</StuffPower_Insulation_Heat>
    </statBases>
    <useHitPoints>false</useHitPoints>
    <thingCategories>
      <li>ResourcesRaw</li>
    </thingCategories>
    <deepCommonality>4</deepCommonality>
	<deepCountPerPortion>35</deepCountPerPortion>
	<deepLumpSizeRange>20~40</deepLumpSizeRange>
    <stuffProps>
      <categories>
        <li>Metallic</li>
      </categories>
      <commonality>1.00</commonality>
      <constructEffect>ConstructMetal</constructEffect>
      <color>(140,90,50)</color>
      <soundImpactStuff>BulletImpact_Metal</soundImpactStuff>
      <soundMeleeHitSharp>MeleeHit_Metal_Sharp</soundMeleeHitSharp>
      <soundMeleeHitBlunt>MeleeHit_Metal_Blunt</soundMeleeHitBlunt>
      <statFactors>
        <MaxHitPoints>.8</MaxHitPoints>
        <Beauty>1.2</Beauty>
        <Flammability>.2</Flammability>
        <MeleeWeapon_CooldownMultiplier>.9</MeleeWeapon_CooldownMultiplier>
		<WorkToMake>0.7</WorkToMake>
		<WorkToBuild>0.7</WorkToBuild>
      </statFactors>
    </stuffProps>
	<terrainAffordanceNeeded>Medium</terrainAffordanceNeeded>
	<burnableByRecipe>false</burnableByRecipe>
    <smeltable>true</smeltable>
  </ThingDef>
  
  <ThingDef ParentName="ResourceBase">
    <defName>AR_Iron</defName>
    <label>iron</label>
    <description>A corroding metal</description>
    <graphicData>
      <texPath>Items/Stuff/Iron</texPath>
      <graphicClass>Graphic_StackCount</graphicClass>
      <color>(255,255,255)</color>
    </graphicData>
    <soundInteract>Metal_Drop</soundInteract>
    <soundDrop>Metal_Drop</soundDrop>
    <statBases>
      <MarketValue>1</MarketValue>
      <Mass>0.5</Mass>
	  <DeteriorationRate>.5</DeteriorationRate>
	  <MaxHitPoints>250</MaxHitPoints>
      <StuffPower_Armor_Sharp>0.8</StuffPower_Armor_Sharp>
      <StuffPower_Armor_Blunt>0.41</StuffPower_Armor_Blunt>
      <StuffPower_Armor_Heat>0.72</StuffPower_Armor_Heat>
      <StuffPower_Insulation_Cold>2</StuffPower_Insulation_Cold>
      <StuffPower_Insulation_Heat>0</StuffPower_Insulation_Heat>
      <SharpDamageMultiplier>.9</SharpDamageMultiplier>
      <BluntDamageMultiplier>.9</BluntDamageMultiplier>
    </statBases>
    <useHitPoints>true</useHitPoints>
    <thingCategories>
      <li>ResourcesRaw</li>
    </thingCategories>
    <deepCommonality>4</deepCommonality>
	<deepCountPerPortion>35</deepCountPerPortion>
	<deepLumpSizeRange>20~40</deepLumpSizeRange>
    <stuffProps>
      <categories>
        <li>Metallic</li>
      </categories>
      <commonality>2.00</commonality>
      <constructEffect>ConstructMetal</constructEffect>
      <color>((160,145,140)</color>
      <soundImpactStuff>BulletImpact_Metal</soundImpactStuff>
      <soundMeleeHitSharp>MeleeHit_Metal_Sharp</soundMeleeHitSharp>
      <soundMeleeHitBlunt>MeleeHit_Metal_Blunt</soundMeleeHitBlunt>
      <statFactors>
        <Beauty>.8</Beauty>
        <Flammability>.5</Flammability>
        <MeleeWeapon_CooldownMultiplier>1</MeleeWeapon_CooldownMultiplier>
		<WorkToMake>0.5</WorkToMake>
		<WorkToBuild>0.5</WorkToBuild>
      </statFactors>
    </stuffProps>
	<terrainAffordanceNeeded>Medium</terrainAffordanceNeeded>
	<burnableByRecipe>false</burnableByRecipe>
    <smeltable>true</smeltable>
  </ThingDef>

</Defs>