﻿<?xml version="1.0" encoding="utf-8" ?>
<Defs>
	
  <ThingDef Name="BaseMeleeWeapon_Ancient" Abstract="True" ParentName="BaseMeleeWeapon">
    <techLevel>Medieval</techLevel>
		<smeltable>true</smeltable>
    <recipeMaker>
      <recipeUsers>
        <li>ElectricSmithy</li>
        <li>FueledSmithy</li>
      </recipeUsers>
	</recipeMaker>
  </ThingDef>

 <ThingDef ParentName="BaseMeleeWeapon_Ancient">
    <defName>AR_Lance</defName>
    <label>lance</label>
	<techLevel>Medieval</techLevel>
    <description>A longer polearm tipped with a sharp point for stabbing opponents in melee combat.</description>
    <graphicData>
      <texPath>Items/Weapons/Lance</texPath>
      <graphicClass>Graphic_Single</graphicClass>
	  <drawSize>2.75</drawSize>
	  <shaderType>CutoutComplex</shaderType>
    </graphicData>
    <statBases>
		<WorkToMake>10000</WorkToMake>
		<Mass>3</Mass>
    </statBases>
	<costList>
      <WoodLog>100</WoodLog>
    </costList>
	<stuffCategories>
      <li>Metallic</li>
    </stuffCategories>
	<costStuffCount>30</costStuffCount>
    <equippedAngleOffset>-120</equippedAngleOffset>
	<weaponTags>
		<li>SpearMen</li>
	</weaponTags>
    <tools>
      <li>
        <label>shaft</label>
        <capacities>
          <li>Blunt</li>
          <li>Poke</li>
        </capacities>
        <power>13</power>
        <cooldownTime>2.6</cooldownTime>
      </li>
      <li>
        <label>point</label>
        <capacities>
          <li>Stab</li>
        </capacities>
        <power>30</power>
        <cooldownTime>2.6</cooldownTime>
      </li>
    </tools>
	<comps>
	  <li>
	    <compClass>CompOversizedWeapon.CompOversizedWeapon</compClass>
	  </li>
	  <li>
        <compClass>CompQuality</compClass>
      </li>
	</comps>
	<equippedStatOffsets>
      <MeleeHitChance>0.1</MeleeHitChance>  
    </equippedStatOffsets>
	<recipeMaker>
      <skillRequirements>
        <Crafting>6</Crafting>
      </skillRequirements>
	  <researchPrerequisite>AR_Project_Polearms</researchPrerequisite>
    </recipeMaker>
  </ThingDef>
  
  <ThingDef ParentName="BaseMeleeWeapon_Ancient">
    <defName>AR_Falx</defName>
    <label>falx</label>
    <description>Like a falcata a falx is also sharp at its concave side, but its shape reminds more to a sickle, which was the inspiring tool for this weapon. The falx is even bigger and heavier than the straight longsword.</description>
    <graphicData>
      <texPath>Items/Weapons/Falx</texPath>
      <graphicClass>Graphic_Single</graphicClass>
	  <drawSize>2</drawSize>
    </graphicData>
	<stuffCategories>
      <li>Metallic</li>
	  <li>Woody</li>
    </stuffCategories>
    <costStuffCount>120</costStuffCount>
    <statBases>
      <WorkToMake>22000</WorkToMake>
      <Mass>1.05</Mass>
    </statBases>
    <equippedAngleOffset>-65</equippedAngleOffset>
	<weaponTags>
		<li>HellenicHeavy</li>
		<li>Barbarian</li>
	</weaponTags>
    <tools>
      <li>
        <label>handle</label>
        <capacities>
          <li>Blunt</li>
        </capacities>
        <power>10</power>
        <cooldownTime>2</cooldownTime>
      </li>
      <li>
        <label>point</label>
        <capacities>
          <li>Scratch</li>
        </capacities>
        <power>20</power>
        <cooldownTime>2.7</cooldownTime>
      </li>
      <li>
        <label>edge</label>
        <capacities>
          <li>Cut</li>
        </capacities>
        <power>25</power>
        <cooldownTime>2.7</cooldownTime>
      </li>
    </tools>
	<recipeMaker>
		<researchPrerequisite>LongBlades</researchPrerequisite>
	  <skillRequirements>
        <Crafting>5</Crafting>
      </skillRequirements>
    </recipeMaker>
	<comps>
	  <li>
	    <compClass>CompOversizedWeapon.CompOversizedWeapon</compClass>
	  </li>
	  <li>
        <compClass>CompQuality</compClass>
      </li>
	</comps>
  </ThingDef>
    
</Defs>