﻿<?xml version="1.0" encoding="utf-8" ?>
<Defs>

  <ThingDef ParentName="BaseProjectileNeolithic">
    <defName>AR_Javelin_Thrown</defName>
    <label>javelin (thrown)</label>
    <graphicData>
      <texPath>Projectiles/Javelin</texPath>
      <graphicClass>Graphic_Single</graphicClass>
    </graphicData>
    <projectile>
      <flyOverhead>false</flyOverhead>
      <damageDef>RangedStab</damageDef>
      <damageAmountBase>20</damageAmountBase>
      <speed>26</speed>
	  <stoppingPower>2.5</stoppingPower>
      <armorPenetrationBase>0.10</armorPenetrationBase>
    </projectile>
  </ThingDef>
  
  <ThingDef ParentName="BaseWeaponNeolithic">
    <defName>AR_Javelin</defName>
    <label>Javelin</label>
    <description>A bundle of Javelin, non-reusable throwing spears.</description>
    <graphicData>
      <texPath>Items/Weapons/Javelin</texPath>
      <graphicClass>Graphic_Single</graphicClass>
    </graphicData>
    <soundInteract>Interact_BeatFire</soundInteract>
    <costList>
      <WoodLog>70</WoodLog>
    </costList>
    <statBases>
      <WorkToMake>6000</WorkToMake>
      <Mass>3.8</Mass>
      <AccuracyTouch>0.91</AccuracyTouch>
      <AccuracyShort>0.71</AccuracyShort>
      <AccuracyMedium>0.50</AccuracyMedium>
      <AccuracyLong>0.32</AccuracyLong>
    </statBases>
    <weaponTags>
      <li>Javeliner</li>
      <li>NeolithicRangedHeavy</li>
    </weaponTags>
    <verbs>
      <li>
        <verbClass>Verb_Shoot</verbClass>
        <hasStandardCommand>true</hasStandardCommand>
        <defaultProjectile>AR_Javelin_Thrown</defaultProjectile>
        <warmupTime>3</warmupTime>
        <range>18</range>
        <soundCast>Interact_BeatFire</soundCast>
      </li>
    </verbs>
    <tools>
      <li>
        <label>shaft</label>
        <capacities>
          <li>Blunt</li>
        </capacities>
        <power>9</power>
        <cooldownTime>1.6</cooldownTime>
      </li>
      <li>
        <label>point</label>
        <capacities>
          <li>Blunt</li>
        </capacities>
        <power>9</power>
        <cooldownTime>1.6</cooldownTime>
      </li>
    </tools>
	<recipeMaker>
		<recipeUsers>
			<li>CraftingSpot</li>
		</recipeUsers>
	  <skillRequirements>
        <Crafting>3</Crafting>
      </skillRequirements>
	</recipeMaker>
  </ThingDef>

  <!-- -->
  
  <ThingDef ParentName="BaseProjectileNeolithic">
    <defName>AR_SlingStone</defName>
    <label>sling stone</label>
    <graphicData>
      <texPath>Projectiles/SlingStone</texPath>
      <graphicClass>Graphic_Single</graphicClass>
    </graphicData>
    <projectile>
      <flyOverhead>false</flyOverhead>
      <damageDef>AR_RangedBlunt</damageDef>
      <damageAmountBase>8</damageAmountBase>
      <speed>26</speed>
    </projectile>
  </ThingDef>
  
  <ThingDef ParentName="BaseWeaponNeolithic">
    <defName>AR_Sling</defName>
    <label>Sling</label>
    <description>One of the oldest ranged weapons in human history. A little bit complex shaped piece of hide or cloth working as a lever to shoot stones more wide than a man can throw</description>
    <graphicData>
      <texPath>Items/Weapons/Sling</texPath>
      <graphicClass>Graphic_Single</graphicClass>
    </graphicData>
    <soundInteract>Interact_BeatFire</soundInteract>
	<costStuffCount>50</costStuffCount>
		<stuffCategories>
			<li>Leathery</li>
			<li>Fabric</li>
		</stuffCategories>
    <statBases>
      <WorkToMake>2000</WorkToMake>
      <Mass>0.1</Mass>
      <AccuracyTouch>0.75</AccuracyTouch>
      <AccuracyShort>0.65</AccuracyShort>
      <AccuracyMedium>0.45</AccuracyMedium>
      <AccuracyLong>0.25</AccuracyLong>
      <RangedWeapon_Cooldown>0.9</RangedWeapon_Cooldown>
    </statBases>
    <weaponTags>
      <li>Slinger</li>
	  <li>NeolithicRangedBasic</li>
    </weaponTags>
    <verbs>
      <li>
        <verbClass>Verb_Shoot</verbClass>
        <hasStandardCommand>true</hasStandardCommand>
        <defaultProjectile>AR_SlingStone</defaultProjectile>
        <warmupTime>1.35</warmupTime>
        <range>20</range>
        <soundCast>Interact_BeatFire</soundCast>
      </li>
    </verbs>
    <tools>
      <li>
        <capacities>
          <li>Blunt</li>
        </capacities>
        <power>9</power>
        <cooldownTime>1.6</cooldownTime>
      </li>
    </tools>
	<recipeMaker>
		<recipeUsers>
			<li>CraftingSpot</li>
		</recipeUsers>
	  <skillRequirements>
        <Crafting>3</Crafting>
      </skillRequirements>
	</recipeMaker>
  </ThingDef>
  
</Defs>