﻿<?xml version="1.0" encoding="utf-8"?>
<Patch>
  <Operation Class="PatchOperationConditional">
    <xpath>/Defs/ThingDef[defName="CAL_Copper"]</xpath>
    <match Class="PatchOperationSequence">
      <operations>
        <li Class="PatchOperationInsert">
          <xpath>/Defs/RecipeDef/ingredients/li/filter/thingDefs/li[text()="CAL_Copper"]</xpath>
          <value>
            <li>AR_Copper</li>
          </value>
        </li>
        <li Class="PatchOperationInsert">
          <xpath>/Defs/RecipeDef/fixedIngredientFilter/thingDefs/li[text()="CAL_Copper"]</xpath>
          <value>
            <li>AR_Copper</li>
          </value>
        </li>
        <li Class="PatchOperationInsert">
          <xpath>/Defs/recipeDef[defName="AR_AlloyBronze" or defName="AR_AlloySteel" or defName="AR_AlloySteelBulk" or defName="AR_AlloyBronzeBulk"]/ingredients/li/filter/thingDefs/li[text()="AR_Copper"]</xpath>
          <value>
            <li>CAL_Copper</li>
          </value>
        </li>
        <li Class="PatchOperationAdd">
          <xpath>/Defs/recipeDef[defName="AR_AlloyBronze" or defName="AR_AlloySteel" or defName="AR_AlloySteelBulk" or defName="AR_AlloyBronzeBulk"]/fixedIngredientFilter/thingDefs</xpath>
          <value>
            <li>CAL_Copper</li>
          </value>
        </li>
      </operations>
    </match>
  </Operation>
</Patch>